Category,Category2,Description,Order in Series,Incremental Percent of Population,Cumulative Percent of Population,Resource Level of this Segment,Units,Resource Level as Percent of Max,Segment Area = Resource Level * Segment Size ,Cumulative Resource Level,Cumulative Percent of Resource,Cumulative Percent of Resource IF EQUALLY DISTRIBUTED,Area under Lorenz Curve,Gini Coefficient,Color
Financial,Income,Income (Global 2021 USD),1,0.0000,0.0000,0.0000,US dollars,0.0000,0.00,0.00,0.0000,0.0000,0.00000,0.68,gold
Financial,Income,Income (Global 2021 USD),2,0.1000,0.1000,750.0000,US dollars,0.0008,75.00,75.00,0.0034,0.1000,0.00017,0.68,gold
Financial,Income,Income (Global 2021 USD),3,0.0500,0.1500,1500.0000,US dollars,0.0015,75.00,150.00,0.0068,0.1500,0.00025,0.68,gold
Financial,Income,Income (Global 2021 USD),4,0.0500,0.2000,2200.0000,US dollars,0.0022,110.00,260.00,0.0118,0.2000,0.00046,0.68,gold
Financial,Income,Income (Global 2021 USD),5,0.1000,0.3000,3300.0000,US dollars,0.0033,330.00,590.00,0.0267,0.3000,0.00193,0.68,gold
Financial,Income,Income (Global 2021 USD),6,0.1000,0.4000,4800.0000,US dollars,0.0048,480.00,"1,070.00",0.0485,0.4000,0.00376,0.68,gold
Financial,Income,Income (Global 2021 USD),7,0.1000,0.5000,6700.0000,US dollars,0.0067,670.00,"1,740.00",0.0789,0.5000,0.00637,0.68,gold
Financial,Income,Income (Global 2021 USD),8,0.1000,0.6000,9500.0000,US dollars,0.0095,950.00,"2,690.00",0.1219,0.6000,0.01004,0.68,gold
Financial,Income,Income (Global 2021 USD),9,0.1000,0.7000,14000.0000,US dollars,0.0140,"1,400.00","4,090.00",0.1854,0.7000,0.01537,0.68,gold
Financial,Income,Income (Global 2021 USD),10,0.1000,0.8000,22500.0000,US dollars,0.0225,"2,250.00","6,340.00",0.2874,0.8000,0.02364,0.68,gold
Financial,Income,Income (Global 2021 USD),11,0.1000,0.9000,37000.0000,US dollars,0.0370,"3,700.00","10,040.00",0.4551,0.9000,0.03713,0.68,gold
Financial,Income,Income (Global 2021 USD),12,0.0500,0.9500,57000.0000,US dollars,0.0570,"2,850.00","12,890.00",0.5843,0.9500,0.02599,0.68,gold
Financial,Income,Income (Global 2021 USD),13,0.0400,0.9900,130000.0000,US dollars,0.1300,"5,200.00","18,090.00",0.8200,0.9900,0.02809,0.68,gold
Financial,Income,Income (Global 2021 USD),14,0.0090,0.9990,330000.0000,US dollars,0.3300,"2,970.00","21,060.00",0.9547,0.9990,0.00799,0.68,gold
Financial,Income,Income (Global 2021 USD),15,0.0010,1.0000,1000000.0000,US dollars,1.0000,"1,000.00","22,060.00",1.0000,1.0000,0.00098,0.68,gold
Financial,Income,Income (United States 2021 USD),1,0.0000,0.0000,0.0000,US dollars,0.0000,0.00,0.00,0.0000,0.0000,0.00000,0.55,gold
Financial,Income,Income (United States 2021 USD),2,0.1000,0.1000,4000.0000,US dollars,0.0040,400.00,400.00,0.0066,0.1000,0.00033,0.55,gold
Financial,Income,Income (United States 2021 USD),3,0.0500,0.1500,8000.0000,US dollars,0.0080,400.00,800.00,0.0132,0.1500,0.00049,0.55,gold
Financial,Income,Income (United States 2021 USD),4,0.0500,0.2000,12000.0000,US dollars,0.0120,600.00,"1,400.00",0.0230,0.2000,0.00090,0.55,gold
Financial,Income,Income (United States 2021 USD),5,0.1000,0.3000,18000.0000,US dollars,0.0180,"1,800.00","3,200.00",0.0526,0.3000,0.00378,0.55,gold
Financial,Income,Income (United States 2021 USD),6,0.1000,0.4000,24000.0000,US dollars,0.0240,"2,400.00","5,600.00",0.0921,0.4000,0.00724,0.55,gold
Financial,Income,Income (United States 2021 USD),7,0.1000,0.5000,31000.0000,US dollars,0.0310,"3,100.00","8,700.00",0.1431,0.5000,0.01176,0.55,gold
Financial,Income,Income (United States 2021 USD),8,0.1000,0.6000,40000.0000,US dollars,0.0400,"4,000.00","12,700.00",0.2089,0.6000,0.01760,0.55,gold
Financial,Income,Income (United States 2021 USD),9,0.1000,0.7000,51000.0000,US dollars,0.0510,"5,100.00","17,800.00",0.2928,0.7000,0.02508,0.55,gold
Financial,Income,Income (United States 2021 USD),10,0.1000,0.8000,68000.0000,US dollars,0.0680,"6,800.00","24,600.00",0.4046,0.8000,0.03487,0.55,gold
Financial,Income,Income (United States 2021 USD),11,0.1000,0.9000,100000.0000,US dollars,0.1000,"10,000.00","34,600.00",0.5691,0.9000,0.04868,0.55,gold
Financial,Income,Income (United States 2021 USD),12,0.0500,0.9500,150000.0000,US dollars,0.1500,"7,500.00","42,100.00",0.6924,0.9500,0.03154,0.55,gold
Financial,Income,Income (United States 2021 USD),13,0.0400,0.9900,330000.0000,US dollars,0.3300,"13,200.00","55,300.00",0.9095,0.9900,0.03204,0.55,gold
Financial,Income,Income (United States 2021 USD),14,0.0090,0.9990,500000.0000,US dollars,0.5000,"4,500.00","59,800.00",0.9836,0.9990,0.00852,0.55,gold
Financial,Income,Income (United States 2021 USD),15,0.0010,1.0000,1000000.0000,US dollars,1.0000,"1,000.00","60,800.00",1.0000,1.0000,0.00099,0.55,gold
Financial,Income,"Income (United States, After Taxes & Transfers 2021 USD)",1,0.0000,0.0000,0.0000,US dollars,0.0000,0.00,0.00,0.0000,0.0000,0.00000,0.38,red
Financial,Income,"Income (United States, After Taxes & Transfers 2021 USD)",2,0.1000,0.1000,19427.0833,US dollars,0.0720,"1,942.71","1,942.71",0.0246,0.1000,0.00123,0.38,red
Financial,Income,"Income (United States, After Taxes & Transfers 2021 USD)",3,0.1000,0.2000,33026.0417,US dollars,0.1223,"3,302.60","5,245.31",0.0665,0.2000,0.00456,0.38,red
Financial,Income,"Income (United States, After Taxes & Transfers 2021 USD)",4,0.3000,0.5000,46625.0000,US dollars,0.1727,"13,987.50","19,232.81",0.2439,0.5000,0.04655,0.38,red
Financial,Income,"Income (United States, After Taxes & Transfers 2021 USD)",5,0.3000,0.8000,74600.0000,US dollars,0.2763,"22,380.00","41,612.81",0.5276,0.8000,0.11572,0.38,red
Financial,Income,"Income (United States, After Taxes & Transfers 2021 USD)",6,0.1000,0.9000,102575.0000,US dollars,0.3799,"10,257.50","51,870.31",0.6577,0.9000,0.05926,0.38,red
Financial,Income,"Income (United States, After Taxes & Transfers 2021 USD)",7,0.1000,1.0000,270000.0000,US dollars,1.0000,"27,000.00","78,870.31",1.0000,1.0000,0.08288,0.38,red
Financial,Income,"Income (Norway, After Taxes & Transfers 2021 USD)",1,0.0000,0.0000,0.0000,US dollars,0.0000,0.00,0.00,0.0000,0.0000,0.00000,0.27,red
Financial,Income,"Income (Norway, After Taxes & Transfers 2021 USD)",2,0.1000,0.1000,22803.4211,US dollars,0.1520,"2,280.34","2,280.34",0.0390,0.1000,0.00195,0.27,red
Financial,Income,"Income (Norway, After Taxes & Transfers 2021 USD)",3,0.1000,0.2000,33064.9605,US dollars,0.2204,"3,306.50","5,586.84",0.0955,0.2000,0.00672,0.27,red
Financial,Income,"Income (Norway, After Taxes & Transfers 2021 USD)",4,0.3000,0.5000,43326.5000,US dollars,0.2888,"12,997.95","18,584.79",0.3177,0.5000,0.06198,0.27,red
Financial,Income,"Income (Norway, After Taxes & Transfers 2021 USD)",5,0.3000,0.8000,58490.7750,US dollars,0.3899,"17,547.23","36,132.02",0.6177,0.8000,0.14031,0.27,red
Financial,Income,"Income (Norway, After Taxes & Transfers 2021 USD)",6,0.1000,0.9000,73655.0500,US dollars,0.4910,"7,365.51","43,497.53",0.7436,0.9000,0.06806,0.27,red
Financial,Income,"Income (Norway, After Taxes & Transfers 2021 USD)",7,0.1000,1.0000,150000.0000,US dollars,1.0000,"15,000.00","58,497.53",1.0000,1.0000,0.08718,0.27,red
Financial,Income,Income (Germany 2021 USD),1,0.0000,0.0000,0.0000,US dollars,0.0000,0.00,0.00,0.0000,0.0000,0.00000,0.47,gold
Financial,Income,Income (Germany 2021 USD),2,0.1000,0.1000,4800.0000,US dollars,0.0096,480.00,480.00,0.0106,0.1000,0.00053,0.47,gold
Financial,Income,Income (Germany 2021 USD),3,0.0500,0.1500,9500.0000,US dollars,0.0190,475.00,955.00,0.0211,0.1500,0.00079,0.47,gold
Financial,Income,Income (Germany 2021 USD),4,0.0500,0.2000,14500.0000,US dollars,0.0290,725.00,"1,680.00",0.0371,0.2000,0.00145,0.47,gold
Financial,Income,Income (Germany 2021 USD),5,0.1000,0.3000,19500.0000,US dollars,0.0390,"1,950.00","3,630.00",0.0801,0.3000,0.00586,0.47,gold
Financial,Income,Income (Germany 2021 USD),6,0.1000,0.4000,24000.0000,US dollars,0.0480,"2,400.00","6,030.00",0.1330,0.4000,0.01066,0.47,gold
Financial,Income,Income (Germany 2021 USD),7,0.1000,0.5000,29000.0000,US dollars,0.0580,"2,900.00","8,930.00",0.1970,0.5000,0.01650,0.47,gold
Financial,Income,Income (Germany 2021 USD),8,0.1000,0.6000,35000.0000,US dollars,0.0700,"3,500.00","12,430.00",0.2742,0.6000,0.02356,0.47,gold
Financial,Income,Income (Germany 2021 USD),9,0.1000,0.7000,41000.0000,US dollars,0.0820,"4,100.00","16,530.00",0.3647,0.7000,0.03194,0.47,gold
Financial,Income,Income (Germany 2021 USD),10,0.1000,0.8000,51000.0000,US dollars,0.1020,"5,100.00","21,630.00",0.4772,0.8000,0.04209,0.47,gold
Financial,Income,Income (Germany 2021 USD),11,0.1000,0.9000,71000.0000,US dollars,0.1420,"7,100.00","28,730.00",0.6338,0.9000,0.05555,0.47,gold
Financial,Income,Income (Germany 2021 USD),12,0.0500,0.9500,100000.0000,US dollars,0.2000,"5,000.00","33,730.00",0.7441,0.9500,0.03445,0.47,gold
Financial,Income,Income (Germany 2021 USD),13,0.0400,0.9900,210000.0000,US dollars,0.4200,"8,400.00","42,130.00",0.9294,0.9900,0.03347,0.47,gold
Financial,Income,Income (Germany 2021 USD),14,0.0090,0.9990,300000.0000,US dollars,0.6000,"2,700.00","44,830.00",0.9890,0.9990,0.00863,0.47,gold
Financial,Income,Income (Germany 2021 USD),15,0.0010,1.0000,500000.0000,US dollars,1.0000,500.00,"45,330.00",1.0000,1.0000,0.00099,0.47,gold
Financial,Income,Income (Canada 2021 USD),1,0.0000,0.0000,0.0000,US dollars,0.0000,0.00,0.00,0.0000,0.0000,0.00000,0.51,gold
Financial,Income,Income (Canada 2021 USD),2,0.1000,0.1000,4200.0000,US dollars,0.0056,420.00,420.00,0.0097,0.1000,0.00048,0.51,gold
Financial,Income,Income (Canada 2021 USD),3,0.0500,0.1500,8500.0000,US dollars,0.0113,425.00,845.00,0.0194,0.1500,0.00073,0.51,gold
Financial,Income,Income (Canada 2021 USD),4,0.0500,0.2000,13000.0000,US dollars,0.0173,650.00,"1,495.00",0.0344,0.2000,0.00134,0.51,gold
Financial,Income,Income (Canada 2021 USD),5,0.1000,0.3000,14000.0000,US dollars,0.0187,"1,400.00","2,895.00",0.0666,0.3000,0.00505,0.51,gold
Financial,Income,Income (Canada 2021 USD),6,0.1000,0.4000,18000.0000,US dollars,0.0240,"1,800.00","4,695.00",0.1079,0.4000,0.00873,0.51,gold
Financial,Income,Income (Canada 2021 USD),7,0.1000,0.5000,24000.0000,US dollars,0.0320,"2,400.00","7,095.00",0.1631,0.5000,0.01355,0.51,gold
Financial,Income,Income (Canada 2021 USD),8,0.1000,0.6000,30000.0000,US dollars,0.0400,"3,000.00","10,095.00",0.2321,0.6000,0.01976,0.51,gold
Financial,Income,Income (Canada 2021 USD),9,0.1000,0.7000,39000.0000,US dollars,0.0520,"3,900.00","13,995.00",0.3218,0.7000,0.02769,0.51,gold
Financial,Income,Income (Canada 2021 USD),10,0.1000,0.8000,51000.0000,US dollars,0.0680,"5,100.00","19,095.00",0.4390,0.8000,0.03804,0.51,gold
Financial,Income,Income (Canada 2021 USD),11,0.1000,0.9000,77000.0000,US dollars,0.1027,"7,700.00","26,795.00",0.6160,0.9000,0.05275,0.51,gold
Financial,Income,Income (Canada 2021 USD),12,0.0500,0.9500,105000.0000,US dollars,0.1400,"5,250.00","32,045.00",0.7368,0.9500,0.03382,0.51,gold
Financial,Income,Income (Canada 2021 USD),13,0.0400,0.9900,200000.0000,US dollars,0.2667,"8,000.00","40,045.00",0.9207,0.9900,0.03315,0.51,gold
Financial,Income,Income (Canada 2021 USD),14,0.0090,0.9990,300000.0000,US dollars,0.4000,"2,700.00","42,745.00",0.9828,0.9990,0.00857,0.51,gold
Financial,Income,Income (Canada 2021 USD),15,0.0010,1.0000,750000.0000,US dollars,1.0000,750.00,"43,495.00",1.0000,1.0000,0.00099,0.51,gold
Financial,Wealth,Wealth (Global 2021 USD),1,0.0000,0.0000,0.0000,US dollars,0.0000,0.00,0.00,0.0000,0.0000,0.00000,0.85,darkorange
Financial,Wealth,Wealth (Global 2021 USD),2,0.5500,0.5500,1428.5714,US dollars,0.0006,785.71,785.71,0.0131,0.5500,0.00362,0.85,darkorange
Financial,Wealth,Wealth (Global 2021 USD),3,0.3280,0.8780,24956.4460,US dollars,0.0100,"8,185.71","8,971.43",0.1501,0.8780,0.02678,0.85,darkorange
Financial,Wealth,Wealth (Global 2021 USD),4,0.1110,0.9890,210939.5109,US dollars,0.0848,"23,414.29","32,385.71",0.5420,0.9890,0.03841,0.85,darkorange
Financial,Wealth,Wealth (Global 2021 USD),5,0.0110,1.0000,2488311.6883,US dollars,1.0000,"27,371.43","59,757.14",1.0000,1.0000,0.00848,0.85,darkorange
Financial,Wealth,Wealth (United States 2019 USD),1,0.0000,0.0000,-554.3244,US dollars,0.0000,0.00,0.00,0.0000,0.0000,0.00000,0.82,darkorange
Financial,Wealth,Wealth (United States 2019 USD),2,0.4000,0.4000,-554.3244,US dollars,0.0000,-221.73,-221.73,-0.0008,0.4000,-0.00016,0.82,darkorange
Financial,Wealth,Wealth (United States 2019 USD),3,0.5000,0.9000,116518.9847,US dollars,0.0104,"58,259.49","58,037.76",0.2094,0.9000,0.05215,0.82,darkorange
Financial,Wealth,Wealth (United States 2019 USD),4,0.0500,0.9500,628049.5225,US dollars,0.0560,"31,402.48","89,440.24",0.3227,0.9500,0.01330,0.82,darkorange
Financial,Wealth,Wealth (United States 2019 USD),5,0.0400,0.9900,1888167.4194,US dollars,0.1683,"75,526.70","164,966.94",0.5952,0.9900,0.01836,0.82,darkorange
Financial,Wealth,Wealth (United States 2019 USD),6,0.0100,1.0000,11219525.4512,US dollars,1.0000,"112,195.25","277,162.19",1.0000,1.0000,0.00798,0.82,darkorange
Financial,Wealth,Wealth (Canada 2019 USD),1,0.0000,0.0000,0.0000,US dollars,0.0000,0.00,0.00,0.0000,0.0000,0.00000,0.59,darkorange
Financial,Wealth,Wealth (Canada 2019 USD),2,0.4000,0.4000,16296.1875,US dollars,0.0048,"6,518.48","6,518.48",0.0333,0.4000,0.00666,0.59,darkorange
Financial,Wealth,Wealth (Canada 2019 USD),3,0.5000,0.9000,177310.3500,US dollars,0.0517,"88,655.18","95,173.65",0.4862,0.9000,0.12988,0.59,darkorange
Financial,Wealth,Wealth (Canada 2019 USD),4,0.0500,0.9500,550449.0000,US dollars,0.1605,"27,522.45","122,696.10",0.6268,0.9500,0.02783,0.59,darkorange
Financial,Wealth,Wealth (Canada 2019 USD),5,0.0400,0.9900,968962.5000,US dollars,0.2825,"38,758.50","161,454.60",0.8248,0.9900,0.02903,0.59,darkorange
Financial,Wealth,Wealth (Canada 2019 USD),6,0.0100,1.0000,3429540.0000,US dollars,1.0000,"34,295.40","195,750.00",1.0000,1.0000,0.00912,0.59,darkorange
Financial,Wealth,Wealth (Norway 2018 USD),1,0.0000,0.0000,-9330.8328,US dollars,-0.0032,0.00,0.00,0.0000,0.0000,0.00000,0.67,darkorange
Financial,Wealth,Wealth (Norway 2018 USD),2,0.4000,0.4000,-9330.8328,US dollars,-0.0032,"-3,732.33","-3,732.33",-0.0288,0.4000,-0.00576,0.67,darkorange
Financial,Wealth,Wealth (Norway 2018 USD),3,0.5000,0.9000,127106.6779,US dollars,0.0433,"63,553.34","59,821.01",0.4616,0.9000,0.10820,0.67,darkorange
Financial,Wealth,Wealth (Norway 2018 USD),4,0.0500,0.9500,344722.4340,US dollars,0.1173,"17,236.12","77,057.13",0.5946,0.9500,0.02641,0.67,darkorange
Financial,Wealth,Wealth (Norway 2018 USD),5,0.0400,0.9900,578965.2157,US dollars,0.1971,"23,158.61","100,215.74",0.7733,0.9900,0.02736,0.67,darkorange
Financial,Wealth,Wealth (Norway 2018 USD),6,0.0100,1.0000,2937916.3830,US dollars,1.0000,"29,379.16","129,594.90",1.0000,1.0000,0.00887,0.67,darkorange
Financial,Wealth,Wealth (Greece 2018 USD),1,0.0000,0.0000,0.0000,US dollars,0.0000,0.00,0.00,0.0000,0.0000,0.00000,0.52,darkorange
Financial,Wealth,Wealth (Greece 2018 USD),2,0.4000,0.4000,4197.9555,US dollars,0.0127,"1,679.18","1,679.18",0.0450,0.4000,0.00900,0.52,darkorange
Financial,Wealth,Wealth (Greece 2018 USD),3,0.5000,0.9000,40464.5595,US dollars,0.1227,"20,232.28","21,911.46",0.5872,0.9000,0.15805,0.52,darkorange
Financial,Wealth,Wealth (Greece 2018 USD),4,0.0500,0.9500,106870.6182,US dollars,0.3240,"5,343.53","27,254.99",0.7304,0.9500,0.03294,0.52,darkorange
Financial,Wealth,Wealth (Greece 2018 USD),5,0.0400,0.9900,169037.6748,US dollars,0.5124,"6,761.51","34,016.50",0.9116,0.9900,0.03284,0.52,darkorange
Financial,Wealth,Wealth (Greece 2018 USD),6,0.0100,1.0000,329866.0144,US dollars,1.0000,"3,298.66","37,315.16",1.0000,1.0000,0.00956,0.52,darkorange
Financial,Wealth,Wealth (Japan 2019 USD),1,0.0000,0.0000,2936.0100,US dollars,0.0023,0.00,0.00,0.0000,0.0000,0.00000,0.59,darkorange
Financial,Wealth,Wealth (Japan 2019 USD),2,0.4000,0.4000,2936.0100,US dollars,0.0023,"1,174.40","1,174.40",0.0123,0.4000,0.00246,0.59,darkorange
Financial,Wealth,Wealth (Japan 2019 USD),3,0.5000,0.9000,98287.1120,US dollars,0.0778,"49,143.56","50,317.96",0.5270,0.9000,0.13483,0.59,darkorange
Financial,Wealth,Wealth (Japan 2019 USD),4,0.0500,0.9500,275364.3200,US dollars,0.2180,"13,768.22","64,086.18",0.6712,0.9500,0.02996,0.59,darkorange
Financial,Wealth,Wealth (Japan 2019 USD),5,0.0400,0.9900,469045.5000,US dollars,0.3713,"18,761.82","82,848.00",0.8677,0.9900,0.03078,0.59,darkorange
Financial,Wealth,Wealth (Japan 2019 USD),6,0.0100,1.0000,1263200.4000,US dollars,1.0000,"12,632.00","95,480.00",1.0000,1.0000,0.00934,0.59,darkorange
Natural,Height,"Height (cm, global adult males)",1,0.0000,0.0000,76.0000,cm,0.3128,0.00,0.00,0.0000,0.0000,0.00000,0.02,blue
Natural,Height,"Height (cm, global adult males)",2,0.0010,0.0010,141.4000,cm,0.5819,0.14,0.14,0.0008,0.0010,0.00000,0.02,blue
Natural,Height,"Height (cm, global adult males)",3,0.0240,0.0250,163.2000,cm,0.6716,3.92,4.06,0.0223,0.0250,0.00028,0.02,blue
Natural,Height,"Height (cm, global adult males)",4,0.1350,0.1600,170.8000,cm,0.7029,23.06,27.12,0.1487,0.1600,0.01154,0.02,blue
Natural,Height,"Height (cm, global adult males)",5,0.3400,0.5000,178.4000,cm,0.7342,60.66,87.77,0.4814,0.5000,0.10712,0.02,blue
Natural,Height,"Height (cm, global adult males)",6,0.3400,0.8400,186.0000,cm,0.7654,63.24,151.01,0.8282,0.8400,0.22263,0.02,blue
Natural,Height,"Height (cm, global adult males)",7,0.1350,0.9750,193.6000,cm,0.7967,26.14,177.15,0.9716,0.9750,0.12148,0.02,blue
Natural,Height,"Height (cm, global adult males)",8,0.0240,0.9990,205.9500,cm,0.8475,4.94,182.09,0.9987,0.9990,0.02364,0.02,blue
Natural,Height,"Height (cm, global adult males)",9,0.0010,1.0000,243.0000,cm,1.0000,0.24,182.33,1.0000,1.0000,0.00100,0.02,blue
Natural,Height,"Height (cm, global adult females)",1,0.0000,0.0000,76.0000,cm,0.3333,0.00,0.00,0.0000,0.0000,0.00000,0.02,blue
Natural,Height,"Height (cm, global adult females)",2,0.0010,0.0010,131.9500,cm,0.5787,0.13,0.13,0.0008,0.0010,0.00000,0.02,blue
Natural,Height,"Height (cm, global adult females)",3,0.0240,0.0250,150.6000,cm,0.6605,3.61,3.75,0.0222,0.0250,0.00028,0.02,blue
Natural,Height,"Height (cm, global adult females)",4,0.1350,0.1600,157.6000,cm,0.6912,21.28,25.02,0.1486,0.1600,0.01153,0.02,blue
Natural,Height,"Height (cm, global adult females)",5,0.3400,0.5000,164.7000,cm,0.7224,56.00,81.02,0.4811,0.5000,0.10705,0.02,blue
Natural,Height,"Height (cm, global adult females)",6,0.3400,0.8400,171.8000,cm,0.7535,58.41,139.43,0.8280,0.8400,0.22255,0.02,blue
Natural,Height,"Height (cm, global adult females)",7,0.1350,0.9750,178.9000,cm,0.7846,24.15,163.58,0.9714,0.9750,0.12146,0.02,blue
Natural,Height,"Height (cm, global adult females)",8,0.0240,0.9990,191.1750,cm,0.8385,4.59,168.17,0.9986,0.9990,0.02364,0.02,blue
Natural,Height,"Height (cm, global adult females)",9,0.0010,1.0000,228.0000,cm,1.0000,0.23,168.40,1.0000,1.0000,0.00100,0.02,blue
Natural,IQ,IQ,1,0.0000,0.0000,20.0000,IQ,0.1111,0.00,0.00,0.0000,0.0000,0.00000,0.08,blue
Natural,IQ,IQ,2,0.0000,0.0000,40.0000,IQ,0.2222,0.00,0.00,0.0000,0.0000,0.00000,0.08,blue
Natural,IQ,IQ,3,0.0004,0.0004,50.0000,IQ,0.2778,0.02,0.02,0.0002,0.0004,0.00000,0.08,blue
Natural,IQ,IQ,4,0.0036,0.0040,60.0000,IQ,0.3333,0.22,0.24,0.0022,0.0040,0.00000,0.08,blue
Natural,IQ,IQ,5,0.0160,0.0200,70.0000,IQ,0.3889,1.12,1.36,0.0129,0.0200,0.00012,0.08,blue
Natural,IQ,IQ,6,0.0700,0.0900,80.0000,IQ,0.4444,5.60,6.96,0.0662,0.0900,0.00277,0.08,blue
Natural,IQ,IQ,7,0.1600,0.2500,90.0000,IQ,0.5000,14.40,21.36,0.2034,0.2500,0.02157,0.08,blue
Natural,IQ,IQ,8,0.2500,0.5000,100.0000,IQ,0.5556,25.00,46.36,0.4415,0.5000,0.08061,0.08,blue
Natural,IQ,IQ,9,0.2500,0.7500,110.0000,IQ,0.6111,27.50,73.86,0.7034,0.7500,0.14311,0.08,blue
Natural,IQ,IQ,10,0.1600,0.9100,120.0000,IQ,0.6667,19.20,93.06,0.8862,0.9100,0.12717,0.08,blue
Natural,IQ,IQ,11,0.0700,0.9800,130.0000,IQ,0.7222,9.10,102.16,0.9729,0.9800,0.06507,0.08,blue
Natural,IQ,IQ,12,0.0160,0.9960,140.0000,IQ,0.7778,2.24,104.40,0.9942,0.9960,0.01574,0.08,blue
Natural,IQ,IQ,13,0.0036,0.9996,150.0000,IQ,0.8333,0.54,104.94,0.9994,0.9996,0.00359,0.08,blue
Natural,IQ,IQ,14,0.0004,1.0000,160.0000,IQ,0.8889,0.06,104.99,0.9999,1.0000,0.00037,0.08,blue
Natural,IQ,IQ,15,0.0000,1.0000,180.0000,IQ,1.0000,0.01,105.00,1.0000,1.0000,0.00003,0.08,blue
Natural,Digit Memory,Number of Digits Memorized,1,0.0000,0.0000,0.0000,Num of Digits,0.0000,0.00,0.00,0.0000,0.0000,0.00000,0.17,blue
Natural,Digit Memory,Number of Digits Memorized,2,0.0100,0.0100,1.0000,Num of Digits,0.0526,0.01,0.01,0.0013,0.0100,0.00001,0.17,blue
Natural,Digit Memory,Number of Digits Memorized,3,0.0000,0.0100,2.0000,Num of Digits,0.1053,0.00,0.01,0.0013,0.0100,0.00000,0.17,blue
Natural,Digit Memory,Number of Digits Memorized,4,0.0200,0.0300,3.0000,Num of Digits,0.1579,0.06,0.07,0.0091,0.0300,0.00010,0.17,blue
Natural,Digit Memory,Number of Digits Memorized,5,0.0100,0.0400,4.0000,Num of Digits,0.2105,0.04,0.11,0.0142,0.0400,0.00012,0.17,blue
Natural,Digit Memory,Number of Digits Memorized,6,0.0800,0.1200,5.0000,Num of Digits,0.2632,0.40,0.51,0.0661,0.1200,0.00321,0.17,blue
Natural,Digit Memory,Number of Digits Memorized,7,0.1800,0.3000,6.0000,Num of Digits,0.3158,1.08,1.59,0.2060,0.3000,0.02448,0.17,blue
Natural,Digit Memory,Number of Digits Memorized,8,0.2500,0.5500,7.0000,Num of Digits,0.3684,1.75,3.34,0.4326,0.5500,0.07983,0.17,blue
Natural,Digit Memory,Number of Digits Memorized,9,0.1800,0.7300,8.0000,Num of Digits,0.4211,1.44,4.78,0.6192,0.7300,0.09466,0.17,blue
Natural,Digit Memory,Number of Digits Memorized,10,0.1300,0.8600,9.0000,Num of Digits,0.4737,1.17,5.95,0.7707,0.8600,0.09034,0.17,blue
Natural,Digit Memory,Number of Digits Memorized,11,0.0600,0.9200,10.0000,Num of Digits,0.5263,0.60,6.55,0.8484,0.9200,0.04858,0.17,blue
Natural,Digit Memory,Number of Digits Memorized,12,0.0700,0.9900,14.0000,Num of Digits,0.7368,0.98,7.53,0.9754,0.9900,0.06383,0.17,blue
Natural,Digit Memory,Number of Digits Memorized,13,0.0100,1.0000,19.0000,Num of Digits,1.0000,0.19,7.72,1.0000,1.0000,0.00988,0.17,blue
Natural,Weight,"Weight (lbs, US adult males)",1,0.0000,0.0000,30.0000,lbs,0.0300,0.00,0.00,0.0000,0.0000,0.00000,0.16,blue
Natural,Weight,"Weight (lbs, US adult males)",2,0.0010,0.0010,109.3500,lbs,0.1094,0.11,0.11,0.0005,0.0010,0.00000,0.16,blue
Natural,Weight,"Weight (lbs, US adult males)",3,0.0490,0.0500,135.8000,lbs,0.1358,6.65,6.76,0.0324,0.0500,0.00081,0.16,blue
Natural,Weight,"Weight (lbs, US adult males)",4,0.0500,0.1000,145.3000,lbs,0.1453,7.27,14.03,0.0671,0.1000,0.00249,0.16,blue
Natural,Weight,"Weight (lbs, US adult males)",5,0.0500,0.1500,153.0000,lbs,0.1530,7.65,21.68,0.1037,0.1500,0.00427,0.16,blue
Natural,Weight,"Weight (lbs, US adult males)",6,0.0500,0.2000,158.5000,lbs,0.1585,7.93,29.60,0.1416,0.2000,0.00613,0.16,blue
Natural,Weight,"Weight (lbs, US adult males)",7,0.0500,0.2500,164.9000,lbs,0.1649,8.25,37.85,0.1810,0.2500,0.00807,0.16,blue
Natural,Weight,"Weight (lbs, US adult males)",8,0.0500,0.3000,170.2000,lbs,0.1702,8.51,46.36,0.2218,0.3000,0.01007,0.16,blue
Natural,Weight,"Weight (lbs, US adult males)",9,0.0500,0.3500,174.8000,lbs,0.1748,8.74,55.10,0.2636,0.3500,0.01213,0.16,blue
Natural,Weight,"Weight (lbs, US adult males)",10,0.0500,0.4000,179.4000,lbs,0.1794,8.97,64.07,0.3065,0.4000,0.01425,0.16,blue
Natural,Weight,"Weight (lbs, US adult males)",11,0.0500,0.4500,184.3000,lbs,0.1843,9.22,73.28,0.3506,0.4500,0.01643,0.16,blue
Natural,Weight,"Weight (lbs, US adult males)",12,0.0500,0.5000,189.4000,lbs,0.1894,9.47,82.75,0.3959,0.5000,0.01866,0.16,blue
Natural,Weight,"Weight (lbs, US adult males)",13,0.0500,0.5500,195.5000,lbs,0.1955,9.78,92.53,0.4426,0.5500,0.02096,0.16,blue
Natural,Weight,"Weight (lbs, US adult males)",14,0.0500,0.6000,201.1000,lbs,0.2011,10.06,102.58,0.4907,0.6000,0.02333,0.16,blue
Natural,Weight,"Weight (lbs, US adult males)",15,0.0500,0.6500,207.9000,lbs,0.2079,10.40,112.98,0.5404,0.6500,0.02578,0.16,blue
Natural,Weight,"Weight (lbs, US adult males)",16,0.0500,0.7000,214.7000,lbs,0.2147,10.74,123.71,0.5918,0.7000,0.02831,0.16,blue
Natural,Weight,"Weight (lbs, US adult males)",17,0.0500,0.7500,222.4000,lbs,0.2224,11.12,134.83,0.6450,0.7500,0.03092,0.16,blue
Natural,Weight,"Weight (lbs, US adult males)",18,0.0500,0.8000,229.5000,lbs,0.2295,11.48,146.31,0.6999,0.8000,0.03362,0.16,blue
Natural,Weight,"Weight (lbs, US adult males)",19,0.0500,0.8500,240.7000,lbs,0.2407,12.04,158.34,0.7574,0.8500,0.03643,0.16,blue
Natural,Weight,"Weight (lbs, US adult males)",20,0.0500,0.9000,256.4000,lbs,0.2564,12.82,171.16,0.8188,0.9000,0.03941,0.16,blue
Natural,Weight,"Weight (lbs, US adult males)",21,0.0500,0.9500,284.0000,lbs,0.2840,14.20,185.36,0.8867,0.9500,0.04264,0.16,blue
Natural,Weight,"Weight (lbs, US adult males)",22,0.0490,0.9990,463.0000,lbs,0.4630,22.69,208.05,0.9952,0.9990,0.04611,0.16,blue
Natural,Weight,"Weight (lbs, US adult males)",23,0.0010,1.0000,1000.0000,lbs,1.0000,1.00,209.05,1.0000,1.0000,0.00100,0.16,blue
Natural,Weight,"Weight (lbs, US adult females)",1,0.0000,0.0000,30.0000,lbs,0.0300,0.00,0.00,0.0000,0.0000,0.00000,0.18,blue
Natural,Weight,"Weight (lbs, US adult females)",2,0.0010,0.0010,89.9250,lbs,0.0899,0.09,0.09,0.0005,0.0010,0.00000,0.18,blue
Natural,Weight,"Weight (lbs, US adult females)",3,0.0490,0.0500,109.9000,lbs,0.1099,5.39,5.48,0.0299,0.0500,0.00075,0.18,blue
Natural,Weight,"Weight (lbs, US adult females)",4,0.0500,0.1000,119.9000,lbs,0.1199,6.00,11.47,0.0627,0.1000,0.00232,0.18,blue
Natural,Weight,"Weight (lbs, US adult females)",5,0.0500,0.1500,127.5000,lbs,0.1275,6.38,17.85,0.0975,0.1500,0.00401,0.18,blue
Natural,Weight,"Weight (lbs, US adult females)",6,0.0500,0.2000,132.5000,lbs,0.1325,6.63,24.47,0.1337,0.2000,0.00578,0.18,blue
Natural,Weight,"Weight (lbs, US adult females)",7,0.0500,0.2500,137.1000,lbs,0.1371,6.86,31.33,0.1712,0.2500,0.00762,0.18,blue
Natural,Weight,"Weight (lbs, US adult females)",8,0.0500,0.3000,142.2000,lbs,0.1422,7.11,38.44,0.2101,0.3000,0.00953,0.18,blue
Natural,Weight,"Weight (lbs, US adult females)",9,0.0500,0.3500,147.4000,lbs,0.1474,7.37,45.81,0.2503,0.3500,0.01151,0.18,blue
Natural,Weight,"Weight (lbs, US adult females)",10,0.0500,0.4000,151.9000,lbs,0.1519,7.60,53.40,0.2919,0.4000,0.01356,0.18,blue
Natural,Weight,"Weight (lbs, US adult females)",11,0.0500,0.4500,156.3000,lbs,0.1563,7.82,61.22,0.3346,0.4500,0.01566,0.18,blue
Natural,Weight,"Weight (lbs, US adult females)",12,0.0500,0.5000,161.3000,lbs,0.1613,8.07,69.28,0.3787,0.5000,0.01783,0.18,blue
Natural,Weight,"Weight (lbs, US adult females)",13,0.0500,0.5500,166.4000,lbs,0.1664,8.32,77.60,0.4241,0.5500,0.02007,0.18,blue
Natural,Weight,"Weight (lbs, US adult females)",14,0.0500,0.6000,172.7000,lbs,0.1727,8.64,86.24,0.4713,0.6000,0.02239,0.18,blue
Natural,Weight,"Weight (lbs, US adult females)",15,0.0500,0.6500,179.5000,lbs,0.1795,8.98,95.21,0.5204,0.6500,0.02479,0.18,blue
Natural,Weight,"Weight (lbs, US adult females)",16,0.0500,0.7000,187.4000,lbs,0.1874,9.37,104.58,0.5716,0.7000,0.02730,0.18,blue
Natural,Weight,"Weight (lbs, US adult females)",17,0.0500,0.7500,194.7000,lbs,0.1947,9.74,114.32,0.6248,0.7500,0.02991,0.18,blue
Natural,Weight,"Weight (lbs, US adult females)",18,0.0500,0.8000,203.7000,lbs,0.2037,10.19,124.50,0.6805,0.8000,0.03263,0.18,blue
Natural,Weight,"Weight (lbs, US adult females)",19,0.0500,0.8500,216.3000,lbs,0.2163,10.82,135.32,0.7396,0.8500,0.03550,0.18,blue
Natural,Weight,"Weight (lbs, US adult females)",20,0.0500,0.9000,231.7000,lbs,0.2317,11.59,146.90,0.8029,0.9000,0.03856,0.18,blue
Natural,Weight,"Weight (lbs, US adult females)",21,0.0500,0.9500,263.0000,lbs,0.2630,13.15,160.05,0.8748,0.9500,0.04194,0.18,blue
Natural,Weight,"Weight (lbs, US adult females)",22,0.0490,0.9990,447.2500,lbs,0.4473,21.92,181.97,0.9945,0.9990,0.04580,0.18,blue
Natural,Weight,"Weight (lbs, US adult females)",23,0.0010,1.0000,1000.0000,lbs,1.0000,1.00,182.97,1.0000,1.0000,0.00100,0.18,blue
Natural,Beauty,Male Beauty from Female POV,1,0.0000,0.0000,0.0000,1 to 5 scale,0.0000,0.00,0.00,0.0000,0.0000,0.00000,0.15,blue
Natural,Beauty,Male Beauty from Female POV,2,0.0000,0.0000,1.0000,1 to 5 scale,0.2174,0.00,0.00,0.0000,0.0000,0.00000,0.15,blue
Natural,Beauty,Male Beauty from Female POV,3,0.0200,0.0200,1.2000,1 to 5 scale,0.2609,0.02,0.02,0.0107,0.0200,0.00011,0.15,blue
Natural,Beauty,Male Beauty from Female POV,4,0.0700,0.0900,1.4000,1 to 5 scale,0.3043,0.10,0.12,0.0544,0.0900,0.00228,0.15,blue
Natural,Beauty,Male Beauty from Female POV,5,0.1000,0.1900,1.6000,1 to 5 scale,0.3478,0.16,0.28,0.1257,0.1900,0.00900,0.15,blue
Natural,Beauty,Male Beauty from Female POV,6,0.1300,0.3200,1.8000,1 to 5 scale,0.3913,0.23,0.52,0.2299,0.3200,0.02311,0.15,blue
Natural,Beauty,Male Beauty from Female POV,7,0.1400,0.4600,2.0000,1 to 5 scale,0.4348,0.28,0.80,0.3547,0.4600,0.04093,0.15,blue
Natural,Beauty,Male Beauty from Female POV,8,0.1200,0.5800,2.2000,1 to 5 scale,0.4783,0.26,1.06,0.4724,0.5800,0.04963,0.15,blue
Natural,Beauty,Male Beauty from Female POV,9,0.1100,0.6900,2.4000,1 to 5 scale,0.5217,0.26,1.32,0.5900,0.6900,0.05843,0.15,blue
Natural,Beauty,Male Beauty from Female POV,10,0.0900,0.7800,2.6000,1 to 5 scale,0.5652,0.23,1.56,0.6943,0.7800,0.05779,0.15,blue
Natural,Beauty,Male Beauty from Female POV,11,0.0700,0.8500,2.8000,1 to 5 scale,0.6087,0.20,1.75,0.7816,0.8500,0.05166,0.15,blue
Natural,Beauty,Male Beauty from Female POV,12,0.0600,0.9100,3.0000,1 to 5 scale,0.6522,0.18,1.93,0.8619,0.9100,0.04930,0.15,blue
Natural,Beauty,Male Beauty from Female POV,13,0.0400,0.9500,3.2000,1 to 5 scale,0.6957,0.13,2.06,0.9189,0.9500,0.03561,0.15,blue
Natural,Beauty,Male Beauty from Female POV,14,0.0200,0.9700,3.4000,1 to 5 scale,0.7391,0.07,2.13,0.9492,0.9700,0.01868,0.15,blue
Natural,Beauty,Male Beauty from Female POV,15,0.0100,0.9800,3.6000,1 to 5 scale,0.7826,0.04,2.17,0.9652,0.9800,0.00957,0.15,blue
Natural,Beauty,Male Beauty from Female POV,16,0.0100,0.9900,3.8000,1 to 5 scale,0.8261,0.04,2.20,0.9822,0.9900,0.00974,0.15,blue
Natural,Beauty,Male Beauty from Female POV,17,0.0100,1.0000,4.0000,1 to 5 scale,0.8696,0.04,2.24,1.0000,1.0000,0.00991,0.15,blue
Natural,Beauty,Male Beauty from Female POV,18,0.0000,1.0000,4.2000,1 to 5 scale,0.9130,0.00,2.24,1.0000,1.0000,0.00000,0.15,blue
Natural,Beauty,Male Beauty from Female POV,19,0.0000,1.0000,4.4000,1 to 5 scale,0.9565,0.00,2.24,1.0000,1.0000,0.00000,0.15,blue
Natural,Beauty,Male Beauty from Female POV,20,0.0000,1.0000,4.6000,1 to 5 scale,1.0000,0.00,2.24,1.0000,1.0000,0.00000,0.15,blue
Natural,Beauty,Female Beauty from Male POV,1,0.0000,0.0000,0.0000,1 to 5 scale,0.0000,0.00,0.00,0.0000,0.0000,0.00000,0.14,blue
Natural,Beauty,Female Beauty from Male POV,2,0.0000,0.0000,1.0000,1 to 5 scale,0.2174,0.00,0.00,0.0000,0.0000,0.00000,0.14,blue
Natural,Beauty,Female Beauty from Male POV,3,0.0000,0.0000,1.2000,1 to 5 scale,0.2609,0.00,0.00,0.0000,0.0000,0.00000,0.14,blue
Natural,Beauty,Female Beauty from Male POV,4,0.0200,0.0200,1.4000,1 to 5 scale,0.3043,0.03,0.03,0.0100,0.0200,0.00010,0.14,blue
Natural,Beauty,Female Beauty from Male POV,5,0.0400,0.0600,1.6000,1 to 5 scale,0.3478,0.06,0.09,0.0327,0.0600,0.00085,0.14,blue
Natural,Beauty,Female Beauty from Male POV,6,0.0600,0.1200,1.8000,1 to 5 scale,0.3913,0.11,0.20,0.0711,0.1200,0.00311,0.14,blue
Natural,Beauty,Female Beauty from Male POV,7,0.0700,0.1900,2.0000,1 to 5 scale,0.4348,0.14,0.34,0.1209,0.1900,0.00672,0.14,blue
Natural,Beauty,Female Beauty from Male POV,8,0.0700,0.2600,2.2000,1 to 5 scale,0.4783,0.15,0.49,0.1756,0.2600,0.01038,0.14,blue
Natural,Beauty,Female Beauty from Male POV,9,0.0800,0.3400,2.4000,1 to 5 scale,0.5217,0.19,0.69,0.2439,0.3400,0.01678,0.14,blue
Natural,Beauty,Female Beauty from Male POV,10,0.0900,0.4300,2.6000,1 to 5 scale,0.5652,0.23,0.92,0.3271,0.4300,0.02569,0.14,blue
Natural,Beauty,Female Beauty from Male POV,11,0.1000,0.5300,2.8000,1 to 5 scale,0.6087,0.28,1.20,0.4266,0.5300,0.03768,0.14,blue
Natural,Beauty,Female Beauty from Male POV,12,0.1000,0.6300,3.0000,1 to 5 scale,0.6522,0.30,1.50,0.5332,0.6300,0.04799,0.14,blue
Natural,Beauty,Female Beauty from Male POV,13,0.1000,0.7300,3.2000,1 to 5 scale,0.6957,0.32,1.82,0.6470,0.7300,0.05901,0.14,blue
Natural,Beauty,Female Beauty from Male POV,14,0.0900,0.8200,3.4000,1 to 5 scale,0.7391,0.31,2.13,0.7558,0.8200,0.06312,0.14,blue
Natural,Beauty,Female Beauty from Male POV,15,0.0700,0.8900,3.6000,1 to 5 scale,0.7826,0.25,2.38,0.8454,0.8900,0.05604,0.14,blue
Natural,Beauty,Female Beauty from Male POV,16,0.0600,0.9500,3.8000,1 to 5 scale,0.8261,0.23,2.61,0.9264,0.9500,0.05315,0.14,blue
Natural,Beauty,Female Beauty from Male POV,17,0.0300,0.9800,4.0000,1 to 5 scale,0.8696,0.12,2.73,0.9691,0.9800,0.02843,0.14,blue
Natural,Beauty,Female Beauty from Male POV,18,0.0100,0.9900,4.2000,1 to 5 scale,0.9130,0.04,2.77,0.9840,0.9900,0.00977,0.14,blue
Natural,Beauty,Female Beauty from Male POV,19,0.0050,0.9950,4.4000,1 to 5 scale,0.9565,0.02,2.79,0.9918,0.9950,0.00494,0.14,blue
Natural,Beauty,Female Beauty from Male POV,20,0.0050,1.0000,4.6000,1 to 5 scale,1.0000,0.02,2.81,1.0000,1.0000,0.00498,0.14,blue
Natural,Beauty,Average Beauty Score (1 to 5),1,0.0000,0.0000,0.0000,1 to 5 scale,0.0000,0.00,0.00,0.0000,0.0000,0.00000,0.16,blue
Natural,Beauty,Average Beauty Score (1 to 5),2,0.0000,0.0000,1.0000,1 to 5 scale,0.2174,0.00,0.00,0.0000,0.0000,0.00000,0.16,blue
Natural,Beauty,Average Beauty Score (1 to 5),3,0.0100,0.0100,1.2000,1 to 5 scale,0.2609,0.01,0.01,0.0047,0.0100,0.00002,0.16,blue
Natural,Beauty,Average Beauty Score (1 to 5),4,0.0450,0.0550,1.4000,1 to 5 scale,0.3043,0.06,0.08,0.0297,0.0550,0.00077,0.16,blue
Natural,Beauty,Average Beauty Score (1 to 5),5,0.0700,0.1250,1.6000,1 to 5 scale,0.3478,0.11,0.19,0.0740,0.1250,0.00363,0.16,blue
Natural,Beauty,Average Beauty Score (1 to 5),6,0.0950,0.2200,1.8000,1 to 5 scale,0.3913,0.17,0.36,0.1416,0.2200,0.01024,0.16,blue
Natural,Beauty,Average Beauty Score (1 to 5),7,0.1050,0.3250,2.0000,1 to 5 scale,0.4348,0.21,0.57,0.2246,0.3250,0.01923,0.16,blue
Natural,Beauty,Average Beauty Score (1 to 5),8,0.0950,0.4200,2.2000,1 to 5 scale,0.4783,0.21,0.78,0.3073,0.4200,0.02527,0.16,blue
Natural,Beauty,Average Beauty Score (1 to 5),9,0.0950,0.5150,2.4000,1 to 5 scale,0.5217,0.23,1.01,0.3975,0.5150,0.03348,0.16,blue
Natural,Beauty,Average Beauty Score (1 to 5),10,0.0900,0.6050,2.6000,1 to 5 scale,0.5652,0.23,1.24,0.4900,0.6050,0.03994,0.16,blue
Natural,Beauty,Average Beauty Score (1 to 5),11,0.0850,0.6900,2.8000,1 to 5 scale,0.6087,0.24,1.48,0.5841,0.6900,0.04565,0.16,blue
Natural,Beauty,Average Beauty Score (1 to 5),12,0.0800,0.7700,3.0000,1 to 5 scale,0.6522,0.24,1.72,0.6791,0.7700,0.05053,0.16,blue
Natural,Beauty,Average Beauty Score (1 to 5),13,0.0700,0.8400,3.2000,1 to 5 scale,0.6957,0.22,1.94,0.7676,0.8400,0.05063,0.16,blue
Natural,Beauty,Average Beauty Score (1 to 5),14,0.0550,0.8950,3.4000,1 to 5 scale,0.7391,0.19,2.13,0.8416,0.8950,0.04425,0.16,blue
Natural,Beauty,Average Beauty Score (1 to 5),15,0.0400,0.9350,3.6000,1 to 5 scale,0.7826,0.14,2.27,0.8986,0.9350,0.03480,0.16,blue
Natural,Beauty,Average Beauty Score (1 to 5),16,0.0350,0.9700,3.8000,1 to 5 scale,0.8261,0.13,2.41,0.9512,0.9700,0.03237,0.16,blue
Natural,Beauty,Average Beauty Score (1 to 5),17,0.0200,0.9900,4.0000,1 to 5 scale,0.8696,0.08,2.49,0.9828,0.9900,0.01934,0.16,blue
Natural,Beauty,Average Beauty Score (1 to 5),18,0.0050,0.9950,4.2000,1 to 5 scale,0.9130,0.02,2.51,0.9911,0.9950,0.00493,0.16,blue
Natural,Beauty,Average Beauty Score (1 to 5),19,0.0025,0.9975,4.4000,1 to 5 scale,0.9565,0.01,2.52,0.9955,0.9975,0.00248,0.16,blue
Natural,Beauty,Average Beauty Score (1 to 5),20,0.0025,1.0000,4.6000,1 to 5 scale,1.0000,0.01,2.53,1.0000,1.0000,0.00249,0.16,blue
Natural,Lifespan,"Life Expectancy (years, global 1950)",1,0.0000,0.0000,0.0000,years,0.0000,0.00,0.00,0.0000,0.0000,0.00000,0.53,blue
Natural,Lifespan,"Life Expectancy (years, global 1950)",2,0.2690,0.2690,0.0000,years,0.0000,0.00,0.00,0.0000,0.2690,0.00000,0.53,blue
Natural,Lifespan,"Life Expectancy (years, global 1950)",3,0.1370,0.4060,4.0000,years,0.0400,0.55,0.55,0.0157,0.4060,0.00108,0.53,blue
Natural,Lifespan,"Life Expectancy (years, global 1950)",4,0.0520,0.4580,14.0000,years,0.1400,0.73,1.28,0.0366,0.4580,0.00136,0.53,blue
Natural,Lifespan,"Life Expectancy (years, global 1950)",5,0.0490,0.5070,24.0000,years,0.2400,1.18,2.45,0.0703,0.5070,0.00262,0.53,blue
Natural,Lifespan,"Life Expectancy (years, global 1950)",6,0.0770,0.5840,40.0000,years,0.4000,3.08,5.53,0.1586,0.5840,0.00881,0.53,blue
Natural,Lifespan,"Life Expectancy (years, global 1950)",7,0.0610,0.6450,50.0000,years,0.5000,3.05,8.58,0.2460,0.6450,0.01234,0.53,blue
Natural,Lifespan,"Life Expectancy (years, global 1950)",8,0.0770,0.7220,60.0000,years,0.6000,4.62,13.20,0.3785,0.7220,0.02404,0.53,blue
Natural,Lifespan,"Life Expectancy (years, global 1950)",9,0.0500,0.7720,65.0000,years,0.6500,3.25,16.45,0.4716,0.7720,0.02125,0.53,blue
Natural,Lifespan,"Life Expectancy (years, global 1950)",10,0.0550,0.8270,70.0000,years,0.7000,3.85,20.30,0.5820,0.8270,0.02898,0.53,blue
Natural,Lifespan,"Life Expectancy (years, global 1950)",11,0.1070,0.9340,80.0000,years,0.8000,8.56,28.86,0.8274,0.9340,0.07540,0.53,blue
Natural,Lifespan,"Life Expectancy (years, global 1950)",12,0.0580,0.9920,90.0000,years,0.9000,5.22,34.08,0.9771,0.9920,0.05233,0.53,blue
Natural,Lifespan,"Life Expectancy (years, global 1950)",13,0.0080,1.0000,100.0000,years,1.0000,0.80,34.88,1.0000,1.0000,0.00791,0.53,blue
Natural,Lifespan,"Life Expectancy (years, global 2020)",1,0.0000,0.0000,0.0000,years,0.0000,0.00,0.00,0.0000,0.0000,0.00000,0.22,blue
Natural,Lifespan,"Life Expectancy (years, global 2020)",2,0.0610,0.0610,0.0000,years,0.0000,0.00,0.00,0.0000,0.0610,0.00000,0.22,blue
Natural,Lifespan,"Life Expectancy (years, global 2020)",3,0.0210,0.0820,4.0000,years,0.0400,0.08,0.08,0.0013,0.0820,0.00001,0.22,blue
Natural,Lifespan,"Life Expectancy (years, global 2020)",4,0.0190,0.1010,14.0000,years,0.1400,0.27,0.35,0.0053,0.1010,0.00006,0.22,blue
Natural,Lifespan,"Life Expectancy (years, global 2020)",5,0.0230,0.1240,24.0000,years,0.2400,0.55,0.90,0.0136,0.1240,0.00022,0.22,blue
Natural,Lifespan,"Life Expectancy (years, global 2020)",6,0.0510,0.1750,40.0000,years,0.4000,2.04,2.94,0.0444,0.1750,0.00148,0.22,blue
Natural,Lifespan,"Life Expectancy (years, global 2020)",7,0.0560,0.2310,50.0000,years,0.5000,2.80,5.74,0.0866,0.2310,0.00367,0.22,blue
Natural,Lifespan,"Life Expectancy (years, global 2020)",8,0.1050,0.3360,60.0000,years,0.6000,6.30,12.04,0.1817,0.3360,0.01409,0.22,blue
Natural,Lifespan,"Life Expectancy (years, global 2020)",9,0.0760,0.4120,65.0000,years,0.6500,4.94,16.98,0.2562,0.4120,0.01664,0.22,blue
Natural,Lifespan,"Life Expectancy (years, global 2020)",10,0.0960,0.5080,70.0000,years,0.7000,6.72,23.70,0.3576,0.5080,0.02946,0.22,blue
Natural,Lifespan,"Life Expectancy (years, global 2020)",11,0.2080,0.7160,80.0000,years,0.8000,16.64,40.34,0.6086,0.7160,0.10049,0.22,blue
Natural,Lifespan,"Life Expectancy (years, global 2020)",12,0.2060,0.9220,90.0000,years,0.9000,18.54,58.88,0.8884,0.9220,0.15419,0.22,blue
Natural,Lifespan,"Life Expectancy (years, global 2020)",13,0.0740,0.9960,100.0000,years,1.0000,7.40,66.28,1.0000,0.9960,0.06987,0.22,blue
Natural,Lifespan,"Life Expectancy (years, US 2020)",1,0.0000,0.0000,0.0000,years,0.0000,0.00,0.00,0.0000,0.0000,0.00000,0.13,blue
Natural,Lifespan,"Life Expectancy (years, US 2020)",2,0.0060,0.0060,0.0000,years,0.0000,0.00,0.00,0.0000,0.0060,0.00000,0.13,blue
Natural,Lifespan,"Life Expectancy (years, US 2020)",3,0.0010,0.0070,4.0000,years,0.0400,0.00,0.00,0.0001,0.0070,0.00000,0.13,blue
Natural,Lifespan,"Life Expectancy (years, US 2020)",4,0.0020,0.0090,14.0000,years,0.1400,0.03,0.03,0.0004,0.0090,0.00000,0.13,blue
Natural,Lifespan,"Life Expectancy (years, US 2020)",5,0.0110,0.0200,24.0000,years,0.2400,0.26,0.30,0.0039,0.0200,0.00002,0.13,blue
Natural,Lifespan,"Life Expectancy (years, US 2020)",6,0.0370,0.0570,40.0000,years,0.4000,1.48,1.78,0.0232,0.0570,0.00050,0.13,blue
Natural,Lifespan,"Life Expectancy (years, US 2020)",7,0.0410,0.0980,50.0000,years,0.5000,2.05,3.83,0.0500,0.0980,0.00150,0.13,blue
Natural,Lifespan,"Life Expectancy (years, US 2020)",8,0.0920,0.1900,60.0000,years,0.6000,5.52,9.35,0.1222,0.1900,0.00792,0.13,blue
Natural,Lifespan,"Life Expectancy (years, US 2020)",9,0.0790,0.2690,65.0000,years,0.6500,5.14,14.48,0.1893,0.2690,0.01230,0.13,blue
Natural,Lifespan,"Life Expectancy (years, US 2020)",10,0.0960,0.3650,70.0000,years,0.7000,6.72,21.20,0.2771,0.3650,0.02239,0.13,blue
Natural,Lifespan,"Life Expectancy (years, US 2020)",11,0.2270,0.5920,80.0000,years,0.8000,18.16,39.36,0.5145,0.5920,0.08985,0.13,blue
Natural,Lifespan,"Life Expectancy (years, US 2020)",12,0.2660,0.8580,90.0000,years,0.9000,23.94,63.30,0.8275,0.8580,0.17848,0.13,blue
Natural,Lifespan,"Life Expectancy (years, US 2020)",13,0.1320,0.9900,100.0000,years,1.0000,13.20,76.50,1.0000,0.9900,0.12061,0.13,blue
Natural,Speed,"Running Speed (mph, global adults)",1,0.0000,0.0000,0.0000,miles per hour,0.0000,0.00,0.00,0.0000,0.0000,0.00000,0.36,blue
Natural,Speed,"Running Speed (mph, global adults)",2,0.0290,0.0290,0.0000,miles per hour,0.0000,0.00,0.00,0.0000,0.0290,0.00000,0.36,blue
Natural,Speed,"Running Speed (mph, global adults)",3,0.1530,0.1820,2.0000,miles per hour,0.0800,0.31,0.31,0.0473,0.1820,0.00362,0.36,blue
Natural,Speed,"Running Speed (mph, global adults)",4,0.1000,0.2820,3.0000,miles per hour,0.1200,0.30,0.61,0.0937,0.2820,0.00705,0.36,blue
Natural,Speed,"Running Speed (mph, global adults)",5,0.1000,0.3820,4.0000,miles per hour,0.1600,0.40,1.01,0.1555,0.3820,0.01246,0.36,blue
Natural,Speed,"Running Speed (mph, global adults)",6,0.3680,0.7500,6.0000,miles per hour,0.2400,2.21,3.21,0.4968,0.7500,0.12003,0.36,blue
Natural,Speed,"Running Speed (mph, global adults)",7,0.1500,0.9000,10.0000,miles per hour,0.4000,1.50,4.71,0.7287,0.9000,0.09192,0.36,blue
Natural,Speed,"Running Speed (mph, global adults)",8,0.0500,0.9500,15.0000,miles per hour,0.6000,0.75,5.46,0.8446,0.9500,0.03933,0.36,blue
Natural,Speed,"Running Speed (mph, global adults)",9,0.0490,0.9990,20.0000,miles per hour,0.8000,0.98,6.44,0.9961,0.9990,0.04510,0.36,blue
Natural,Speed,"Running Speed (mph, global adults)",10,0.0010,1.0000,25.0000,miles per hour,1.0000,0.03,6.47,1.0000,1.0000,0.00100,0.36,blue
Natural,Strength,"Max Benchpress (lbs, global adults)",1,0.0000,0.0000,0.0000,lbs,0.0000,0.00,0.00,0.0000,0.0000,0.00000,0.43,blue
Natural,Strength,"Max Benchpress (lbs, global adults)",2,0.0290,0.0290,0.0000,lbs,0.0000,0.00,0.00,0.0000,0.0290,0.00000,0.43,blue
Natural,Strength,"Max Benchpress (lbs, global adults)",3,0.1530,0.1820,25.0000,lbs,0.0333,3.83,3.83,0.0251,0.1820,0.00192,0.43,blue
Natural,Strength,"Max Benchpress (lbs, global adults)",4,0.1000,0.2820,50.0000,lbs,0.0667,5.00,8.83,0.0579,0.2820,0.00415,0.43,blue
Natural,Strength,"Max Benchpress (lbs, global adults)",5,0.0820,0.3640,75.0000,lbs,0.1000,6.15,14.98,0.0982,0.3640,0.00640,0.43,blue
Natural,Strength,"Max Benchpress (lbs, global adults)",6,0.1740,0.5380,100.0000,lbs,0.1333,17.40,32.38,0.2123,0.5380,0.02701,0.43,blue
Natural,Strength,"Max Benchpress (lbs, global adults)",7,0.1300,0.6680,150.0000,lbs,0.2000,19.50,51.88,0.3401,0.6680,0.03590,0.43,blue
Natural,Strength,"Max Benchpress (lbs, global adults)",8,0.1000,0.7680,225.0000,lbs,0.3000,22.50,74.38,0.4876,0.7680,0.04138,0.43,blue
Natural,Strength,"Max Benchpress (lbs, global adults)",9,0.0808,0.8488,275.0000,lbs,0.3667,22.21,96.59,0.6332,0.8488,0.04527,0.43,blue
Natural,Strength,"Max Benchpress (lbs, global adults)",10,0.0701,0.9189,325.0000,lbs,0.4333,22.79,119.38,0.7827,0.9189,0.04965,0.43,blue
Natural,Strength,"Max Benchpress (lbs, global adults)",11,0.0451,0.9640,375.0000,lbs,0.5000,16.92,136.30,0.8936,0.9640,0.03781,0.43,blue
Natural,Strength,"Max Benchpress (lbs, global adults)",12,0.0228,0.9868,425.0000,lbs,0.5667,9.68,145.98,0.9570,0.9868,0.02107,0.43,blue
Natural,Strength,"Max Benchpress (lbs, global adults)",13,0.0089,0.9957,475.0000,lbs,0.6333,4.23,150.21,0.9847,0.9957,0.00865,0.43,blue
Natural,Strength,"Max Benchpress (lbs, global adults)",14,0.0033,0.9990,525.0000,lbs,0.7000,1.73,151.94,0.9961,0.9990,0.00327,0.43,blue
Natural,Strength,"Max Benchpress (lbs, global adults)",15,0.0008,0.9998,575.0000,lbs,0.7667,0.44,152.38,0.9990,0.9998,0.00076,0.43,blue
Natural,Strength,"Max Benchpress (lbs, global adults)",16,0.0002,1.0000,625.0000,lbs,0.8333,0.12,152.50,0.9998,1.0000,0.00020,0.43,blue
Natural,Strength,"Max Benchpress (lbs, global adults)",17,0.0000,1.0000,675.0000,lbs,0.9000,0.03,152.53,1.0000,1.0000,0.00004,0.43,blue
Natural,Strength,"Max Benchpress (lbs, global adults)",18,0.0000,1.0000,725.0000,lbs,0.9667,0.00,152.53,1.0000,1.0000,0.00001,0.43,blue
Natural,Strength,"Max Benchpress (lbs, global adults)",19,0.0000,1.0000,750.0000,lbs,1.0000,0.00,152.53,1.0000,1.0000,0.00000,0.43,blue
Natural,Relationships,Relationships (# Facebook Friends 2015),1,0.0000,0.0000,0.0000,Num of Friends,0.0000,0.00,0.00,0.0000,0.0000,0.00000,0.51,blue
Natural,Relationships,Relationships (# Facebook Friends 2015),2,0.1699,0.1699,25.0000,Num of Friends,0.0167,4.25,4.25,0.0224,0.1699,0.00190,0.51,blue
Natural,Relationships,Relationships (# Facebook Friends 2015),3,0.1311,0.3010,50.0000,Num of Friends,0.0333,6.55,10.80,0.0569,0.3010,0.00520,0.51,blue
Natural,Relationships,Relationships (# Facebook Friends 2015),4,0.1262,0.4272,75.0000,Num of Friends,0.0500,9.47,20.27,0.1068,0.4272,0.01034,0.51,blue
Natural,Relationships,Relationships (# Facebook Friends 2015),5,0.1214,0.5485,100.0000,Num of Friends,0.0667,12.14,32.40,0.1708,0.5485,0.01685,0.51,blue
Natural,Relationships,Relationships (# Facebook Friends 2015),6,0.1942,0.7427,200.0000,Num of Friends,0.1333,38.83,71.24,0.3756,0.7427,0.05305,0.51,blue
Natural,Relationships,Relationships (# Facebook Friends 2015),7,0.1214,0.8641,300.0000,Num of Friends,0.2000,36.41,107.65,0.5675,0.8641,0.05722,0.51,blue
Natural,Relationships,Relationships (# Facebook Friends 2015),8,0.0534,0.9175,400.0000,Num of Friends,0.2667,21.36,129.00,0.6801,0.9175,0.03331,0.51,blue
Natural,Relationships,Relationships (# Facebook Friends 2015),9,0.0291,0.9466,500.0000,Num of Friends,0.3333,14.56,143.57,0.7569,0.9466,0.02093,0.51,blue
Natural,Relationships,Relationships (# Facebook Friends 2015),10,0.0194,0.9660,600.0000,Num of Friends,0.4000,11.65,155.22,0.8183,0.9660,0.01529,0.51,blue
Natural,Relationships,Relationships (# Facebook Friends 2015),11,0.0097,0.9757,700.0000,Num of Friends,0.4667,6.80,162.01,0.8541,0.9757,0.00812,0.51,blue
Natural,Relationships,Relationships (# Facebook Friends 2015),12,0.0049,0.9806,800.0000,Num of Friends,0.5333,3.88,165.90,0.8746,0.9806,0.00420,0.51,blue
Natural,Relationships,Relationships (# Facebook Friends 2015),13,0.0049,0.9854,900.0000,Num of Friends,0.6000,4.37,170.27,0.8976,0.9854,0.00430,0.51,blue
Natural,Relationships,Relationships (# Facebook Friends 2015),14,0.0049,0.9903,1000.0000,Num of Friends,0.6667,4.85,175.12,0.9232,0.9903,0.00442,0.51,blue
Natural,Relationships,Relationships (# Facebook Friends 2015),15,0.0097,1.0000,1500.0000,Num of Friends,1.0000,14.56,189.68,1.0000,1.0000,0.00934,0.51,blue
Natural,Relationships,Females' Relationships (# Facebook Friends 2015),1,0.0000,0.0000,0.0000,Num of Friends,0.0000,0.00,0.00,0.0000,0.0000,0.00000,0.50,blue
Natural,Relationships,Females' Relationships (# Facebook Friends 2015),2,0.1435,0.1435,25.0000,Num of Friends,0.0167,3.59,3.59,0.0184,0.1435,0.00132,0.50,blue
Natural,Relationships,Females' Relationships (# Facebook Friends 2015),3,0.1256,0.2691,50.0000,Num of Friends,0.0333,6.28,9.87,0.0505,0.2691,0.00432,0.50,blue
Natural,Relationships,Females' Relationships (# Facebook Friends 2015),4,0.1300,0.3991,75.0000,Num of Friends,0.0500,9.75,19.62,0.1004,0.3991,0.00981,0.50,blue
Natural,Relationships,Females' Relationships (# Facebook Friends 2015),5,0.1256,0.5247,100.0000,Num of Friends,0.0667,12.56,32.17,0.1646,0.5247,0.01663,0.50,blue
Natural,Relationships,Females' Relationships (# Facebook Friends 2015),6,0.2152,0.7399,200.0000,Num of Friends,0.1333,43.05,75.22,0.3848,0.7399,0.05913,0.50,blue
Natural,Relationships,Females' Relationships (# Facebook Friends 2015),7,0.1166,0.8565,300.0000,Num of Friends,0.2000,34.98,110.20,0.5637,0.8565,0.05529,0.50,blue
Natural,Relationships,Females' Relationships (# Facebook Friends 2015),8,0.0538,0.9103,400.0000,Num of Friends,0.2667,21.52,131.73,0.6738,0.9103,0.03330,0.50,blue
Natural,Relationships,Females' Relationships (# Facebook Friends 2015),9,0.0404,0.9507,500.0000,Num of Friends,0.3333,20.18,151.91,0.7770,0.9507,0.02928,0.50,blue
Natural,Relationships,Females' Relationships (# Facebook Friends 2015),10,0.0179,0.9686,600.0000,Num of Friends,0.4000,10.76,162.67,0.8321,0.9686,0.01443,0.50,blue
Natural,Relationships,Females' Relationships (# Facebook Friends 2015),11,0.0063,0.9749,700.0000,Num of Friends,0.4667,4.39,167.06,0.8546,0.9749,0.00529,0.50,blue
Natural,Relationships,Females' Relationships (# Facebook Friends 2015),12,0.0054,0.9803,800.0000,Num of Friends,0.5333,4.30,171.37,0.8766,0.9803,0.00466,0.50,blue
Natural,Relationships,Females' Relationships (# Facebook Friends 2015),13,0.0054,0.9857,900.0000,Num of Friends,0.6000,4.84,176.21,0.9014,0.9857,0.00478,0.50,blue
Natural,Relationships,Females' Relationships (# Facebook Friends 2015),14,0.0045,0.9901,1000.0000,Num of Friends,0.6667,4.48,180.70,0.9243,0.9901,0.00409,0.50,blue
Natural,Relationships,Females' Relationships (# Facebook Friends 2015),15,0.0099,1.0000,1500.0000,Num of Friends,1.0000,14.80,195.49,1.0000,1.0000,0.00949,0.50,blue
Natural,Relationships,Males' Relationships (# Facebook Friends 2015),1,0.0000,0.0000,0.0000,Num of Friends,0.0000,0.00,0.00,0.0000,0.0000,0.00000,0.53,blue
Natural,Relationships,Males' Relationships (# Facebook Friends 2015),2,0.2111,0.2111,25.0000,Num of Friends,0.0167,5.28,5.28,0.0302,0.2111,0.00319,0.53,blue
Natural,Relationships,Males' Relationships (# Facebook Friends 2015),3,0.1556,0.3667,50.0000,Num of Friends,0.0333,7.78,13.06,0.0748,0.3667,0.00817,0.53,blue
Natural,Relationships,Males' Relationships (# Facebook Friends 2015),4,0.1389,0.5056,75.0000,Num of Friends,0.0500,10.42,23.47,0.1345,0.5056,0.01454,0.53,blue
Natural,Relationships,Males' Relationships (# Facebook Friends 2015),5,0.0889,0.5944,100.0000,Num of Friends,0.0667,8.89,32.36,0.1855,0.5944,0.01422,0.53,blue
Natural,Relationships,Males' Relationships (# Facebook Friends 2015),6,0.1778,0.7722,200.0000,Num of Friends,0.1333,35.56,67.92,0.3893,0.7722,0.05109,0.53,blue
Natural,Relationships,Males' Relationships (# Facebook Friends 2015),7,0.0944,0.8667,300.0000,Num of Friends,0.2000,28.33,96.25,0.5517,0.8667,0.04443,0.53,blue
Natural,Relationships,Males' Relationships (# Facebook Friends 2015),8,0.0578,0.9244,400.0000,Num of Friends,0.2667,23.11,119.36,0.6841,0.9244,0.03570,0.53,blue
Natural,Relationships,Males' Relationships (# Facebook Friends 2015),9,0.0244,0.9489,500.0000,Num of Friends,0.3333,12.22,131.58,0.7542,0.9489,0.01758,0.53,blue
Natural,Relationships,Males' Relationships (# Facebook Friends 2015),10,0.0222,0.9711,600.0000,Num of Friends,0.4000,13.33,144.92,0.8306,0.9711,0.01761,0.53,blue
Natural,Relationships,Males' Relationships (# Facebook Friends 2015),11,0.0111,0.9822,700.0000,Num of Friends,0.4667,7.78,152.69,0.8752,0.9822,0.00948,0.53,blue
Natural,Relationships,Males' Relationships (# Facebook Friends 2015),12,0.0033,0.9856,800.0000,Num of Friends,0.5333,2.67,155.36,0.8905,0.9856,0.00294,0.53,blue
Natural,Relationships,Males' Relationships (# Facebook Friends 2015),13,0.0033,0.9889,900.0000,Num of Friends,0.6000,3.00,158.36,0.9077,0.9889,0.00300,0.53,blue
Natural,Relationships,Males' Relationships (# Facebook Friends 2015),14,0.0011,0.9900,1000.0000,Num of Friends,0.6667,1.11,159.47,0.9140,0.9900,0.00101,0.53,blue
Natural,Relationships,Males' Relationships (# Facebook Friends 2015),15,0.0100,1.0000,1500.0000,Num of Friends,1.0000,15.00,174.47,1.0000,1.0000,0.00957,0.53,blue
Cryptocurrency,Bitcoin,Bitcoin (All Addresses 2023),1,0.0000,0.0000,0.0000,Addresses,0.0000,0.000,0.000,0.0000,0.0000,0.00000,0.98,green
Cryptocurrency,Bitcoin,Bitcoin (All Addresses 2023),2,0.0726,0.0726,0.0000,Addresses,0.0000,0.000,0.000,0.0000,0.0726,0.00000,0.98,green
Cryptocurrency,Bitcoin,Bitcoin (All Addresses 2023),3,0.1922,0.2648,0.0000,Addresses,0.0000,0.000,0.000,0.0000,0.2648,0.00000,0.98,green
Cryptocurrency,Bitcoin,Bitcoin (All Addresses 2023),4,0.2383,0.5031,0.0004,Addresses,0.0000,0.000,0.000,0.0002,0.5031,0.00003,0.98,green
Cryptocurrency,Bitcoin,Bitcoin (All Addresses 2023),5,0.2349,0.7380,0.0037,Addresses,0.0000,0.001,0.001,0.0022,0.7380,0.00029,0.98,green
Cryptocurrency,Bitcoin,Bitcoin (All Addresses 2023),6,0.1659,0.9040,0.0336,Addresses,0.0000,0.006,0.007,0.0149,0.9040,0.00142,0.98,green
Cryptocurrency,Bitcoin,Bitcoin (All Addresses 2023),7,0.0737,0.9777,0.3109,Addresses,0.0000,0.023,0.029,0.0671,0.9777,0.00303,0.98,green
Cryptocurrency,Bitcoin,Bitcoin (All Addresses 2023),8,0.0188,0.9965,2.4999,Addresses,0.0000,0.047,0.076,0.1741,0.9965,0.00227,0.98,green
Cryptocurrency,Bitcoin,Bitcoin (All Addresses 2023),9,0.0032,0.9996,31.8778,Addresses,0.0002,0.101,0.177,0.4041,0.9996,0.00092,0.98,green
Cryptocurrency,Bitcoin,Bitcoin (All Addresses 2023),10,0.0003,1.0000,277.6606,Addresses,0.0017,0.089,0.266,0.6068,1.0000,0.00016,0.98,green
Cryptocurrency,Bitcoin,Bitcoin (All Addresses 2023),11,0.0000,1.0000,2388.4797,Addresses,0.0143,0.104,0.371,0.8447,1.0000,0.00003,0.98,green
Cryptocurrency,Bitcoin,Bitcoin (All Addresses 2023),12,0.0000,1.0000,21332.7615,Addresses,0.1277,0.053,0.424,0.9653,1.0000,0.00000,0.98,green
Cryptocurrency,Bitcoin,Bitcoin (All Addresses 2023),13,0.0000,1.0000,167076.5000,Addresses,1.0000,0.015,0.439,1.0000,1.0000,0.00000,0.98,green
Cryptocurrency,Bitcoin,Bitcoin (Addresses > 0.1 BTC),1,0.0000,0.0000,0.0000,Addresses,0.0000,0.000,0.000,0.0000,0.0000,0.00000,0.89,green
Cryptocurrency,Bitcoin,Bitcoin (Addresses > 0.1 BTC),2,0.7676,0.7676,0.3109,Addresses,0.0000,0.239,0.239,0.0530,0.7676,0.02034,0.89,green
Cryptocurrency,Bitcoin,Bitcoin (Addresses > 0.1 BTC),3,0.1956,0.9632,2.4999,Addresses,0.0000,0.489,0.728,0.1615,0.9632,0.02098,0.89,green
Cryptocurrency,Bitcoin,Bitcoin (Addresses > 0.1 BTC),4,0.0330,0.9962,31.8778,Addresses,0.0002,1.052,1.779,0.3950,0.9962,0.00918,0.89,green
Cryptocurrency,Bitcoin,Bitcoin (Addresses > 0.1 BTC),5,0.0033,0.9995,277.6606,Addresses,0.0017,0.927,2.706,0.6009,0.9995,0.00166,0.89,green
Cryptocurrency,Bitcoin,Bitcoin (Addresses > 0.1 BTC),6,0.0005,1.0000,2388.4797,Addresses,0.0143,1.088,3.794,0.8424,1.0000,0.00033,0.89,green
Cryptocurrency,Bitcoin,Bitcoin (Addresses > 0.1 BTC),7,0.0000,1.0000,21332.7615,Addresses,0.1277,0.551,4.345,0.9648,1.0000,0.00002,0.89,green
Cryptocurrency,Bitcoin,Bitcoin (Addresses > 0.1 BTC),8,0.0000,1.0000,167076.5000,Addresses,1.0000,0.159,4.504,1.0000,1.0000,0.00000,0.89,green
Cryptocurrency,Ethereum,Ethereum (All Addresses 2023),1,0.0000,0.0000,0.0000,Addresses,0.0000,0.000,0.000,0.0000,0.0000,0.00000,0.99,green
Cryptocurrency,Ethereum,Ethereum (All Addresses 2023),2,0.6844,0.6844,0.0082,Addresses,0.0000,0.006,0.006,0.0044,0.6844,0.00151,0.99,green
Cryptocurrency,Ethereum,Ethereum (All Addresses 2023),3,0.2433,0.9277,0.0230,Addresses,0.0000,0.006,0.011,0.0088,0.9277,0.00161,0.99,green
Cryptocurrency,Ethereum,Ethereum (All Addresses 2023),4,0.0533,0.9810,0.2300,Addresses,0.0000,0.012,0.023,0.0185,0.9810,0.00073,0.99,green
Cryptocurrency,Ethereum,Ethereum (All Addresses 2023),5,0.0184,0.9994,2.3000,Addresses,0.0000,0.042,0.066,0.0519,0.9994,0.00065,0.99,green
Cryptocurrency,Ethereum,Ethereum (All Addresses 2023),6,0.0005,0.9999,230.0000,Addresses,0.0000,0.118,0.184,0.1454,0.9999,0.00005,0.99,green
Cryptocurrency,Ethereum,Ethereum (All Addresses 2023),7,0.0001,1.0000,2300.0000,Addresses,0.0001,0.167,0.351,0.2774,1.0000,0.00002,0.99,green
Cryptocurrency,Ethereum,Ethereum (All Addresses 2023),8,0.0000,1.0000,23000.0000,Addresses,0.0013,0.314,0.665,0.5258,1.0000,0.00001,0.99,green
Cryptocurrency,Ethereum,Ethereum (All Addresses 2023),9,0.0000,1.0000,230000.0000,Addresses,0.0131,0.302,0.966,0.7644,1.0000,0.00000,0.99,green
Cryptocurrency,Ethereum,Ethereum (All Addresses 2023),10,0.0000,1.0000,1447741.6372,Addresses,0.0827,0.015,0.982,0.7765,1.0000,0.00000,0.99,green
Cryptocurrency,Ethereum,Ethereum (All Addresses 2023),11,0.0000,1.0000,1636037.3771,Addresses,0.0934,0.017,0.999,0.7900,1.0000,0.00000,0.99,green
Cryptocurrency,Ethereum,Ethereum (All Addresses 2023),12,0.0000,1.0000,1780839.9721,Addresses,0.1017,0.019,1.018,0.8048,1.0000,0.00000,0.99,green
Cryptocurrency,Ethereum,Ethereum (All Addresses 2023),13,0.0000,1.0000,1996008.2892,Addresses,0.1140,0.021,1.038,0.8214,1.0000,0.00000,0.99,green
Cryptocurrency,Ethereum,Ethereum (All Addresses 2023),14,0.0000,1.0000,4002058.9725,Addresses,0.2285,0.042,1.080,0.8546,1.0000,0.00000,0.99,green
Cryptocurrency,Ethereum,Ethereum (All Addresses 2023),15,0.0000,1.0000,17515159.1393,Addresses,1.0000,0.184,1.264,1.0000,1.0000,0.00000,0.99,green
Cryptocurrency,Ethereum,Ethereum (Addresses > 1 ETH),1,0.0000,0.0000,0.0000,Addresses,0.0000,0.000,0.000,0.0000,0.0000,0.00000,0.96,green
Cryptocurrency,Ethereum,Ethereum (Addresses > 1 ETH),2,0.9683,0.9683,2.3000,Addresses,0.0000,2.227,2.227,0.0340,0.9683,0.01647,0.96,green
Cryptocurrency,Ethereum,Ethereum (Addresses > 1 ETH),3,0.0271,0.9954,230.0000,Addresses,0.0000,6.234,8.461,0.1292,0.9954,0.00221,0.96,green
Cryptocurrency,Ethereum,Ethereum (Addresses > 1 ETH),4,0.0038,0.9992,2300.0000,Addresses,0.0001,8.807,17.269,0.2638,0.9992,0.00075,0.96,green
Cryptocurrency,Ethereum,Ethereum (Addresses > 1 ETH),5,0.0007,0.9999,23000.0000,Addresses,0.0013,16.568,33.837,0.5168,0.9999,0.00028,0.96,green
Cryptocurrency,Ethereum,Ethereum (Addresses > 1 ETH),6,0.0001,1.0000,230000.0000,Addresses,0.0131,15.918,49.755,0.7600,1.0000,0.00004,0.96,green
Cryptocurrency,Ethereum,Ethereum (Addresses > 1 ETH),7,0.0000,1.0000,1447741.6372,Addresses,0.0827,0.802,50.557,0.7722,1.0000,0.00000,0.96,green
Cryptocurrency,Ethereum,Ethereum (Addresses > 1 ETH),8,0.0000,1.0000,1636037.3771,Addresses,0.0934,0.906,51.463,0.7861,1.0000,0.00000,0.96,green
Cryptocurrency,Ethereum,Ethereum (Addresses > 1 ETH),9,0.0000,1.0000,1780839.9721,Addresses,0.1017,0.986,52.449,0.8011,1.0000,0.00000,0.96,green
Cryptocurrency,Ethereum,Ethereum (Addresses > 1 ETH),10,0.0000,1.0000,1996008.2892,Addresses,0.1140,1.105,53.554,0.8180,1.0000,0.00000,0.96,green
Cryptocurrency,Ethereum,Ethereum (Addresses > 1 ETH),11,0.0000,1.0000,4002058.9725,Addresses,0.2285,2.216,55.770,0.8519,1.0000,0.00000,0.96,green
Cryptocurrency,Ethereum,Ethereum (Addresses > 1 ETH),12,0.0000,1.0000,17515159.1393,Addresses,1.0000,9.698,65.468,1.0000,1.0000,0.00000,0.96,green
Cryptocurrency,Bitcoin Miners,Bitcoin Mining Pools (% of Hashrate),1,0.0000,0.0000,0.0000,Pools,0.0000,0.000,0.000,0.0000,0.0000,0.00000,0.43,green
Cryptocurrency,Bitcoin Miners,Bitcoin Mining Pools (% of Hashrate),2,0.1000,0.1000,0.0000,Pools,0.0000,0.000,0.000,0.0000,0.1000,0.00000,0.43,green
Cryptocurrency,Bitcoin Miners,Bitcoin Mining Pools (% of Hashrate),3,0.1000,0.2000,0.0257,Pools,0.1015,0.003,0.003,0.0270,0.2000,0.00135,0.43,green
Cryptocurrency,Bitcoin Miners,Bitcoin Mining Pools (% of Hashrate),4,0.1000,0.3000,0.0341,Pools,0.1347,0.003,0.006,0.0629,0.3000,0.00450,0.43,green
Cryptocurrency,Bitcoin Miners,Bitcoin Mining Pools (% of Hashrate),5,0.1000,0.4000,0.0470,Pools,0.1857,0.005,0.011,0.1124,0.4000,0.00877,0.43,green
Cryptocurrency,Bitcoin Miners,Bitcoin Mining Pools (% of Hashrate),6,0.1000,0.5000,0.0639,Pools,0.2525,0.006,0.017,0.1796,0.5000,0.01460,0.43,green
Cryptocurrency,Bitcoin Miners,Bitcoin Mining Pools (% of Hashrate),7,0.1000,0.6000,0.0930,Pools,0.3674,0.009,0.026,0.2775,0.6000,0.02286,0.43,green
Cryptocurrency,Bitcoin Miners,Bitcoin Mining Pools (% of Hashrate),8,0.1000,0.7000,0.1153,Pools,0.4556,0.012,0.038,0.3988,0.7000,0.03382,0.43,green
Cryptocurrency,Bitcoin Miners,Bitcoin Mining Pools (% of Hashrate),9,0.1000,0.8000,0.1476,Pools,0.5832,0.015,0.053,0.5541,0.8000,0.04765,0.43,green
Cryptocurrency,Bitcoin Miners,Bitcoin Mining Pools (% of Hashrate),10,0.1000,0.9000,0.1706,Pools,0.6740,0.017,0.070,0.7337,0.9000,0.06439,0.43,green
Cryptocurrency,Bitcoin Miners,Bitcoin Mining Pools (% of Hashrate),11,0.1000,1.0000,0.2531,Pools,1.0000,0.025,0.095,1.0000,1.0000,0.08668,0.43,green
Cryptocurrency,Ethereum Validators,Ethereum Validator Pools (% of Staked ETH),1,0.0000,0.0000,0.0000,Pools,0.0000,0.000,0.000,0.0000,0.0000,0.00000,0.55,green
Cryptocurrency,Ethereum Validators,Ethereum Validator Pools (% of Staked ETH),2,0.1000,0.1000,0.0000,Pools,0.0000,0.000,0.000,0.0000,0.1000,0.00000,0.55,green
Cryptocurrency,Ethereum Validators,Ethereum Validator Pools (% of Staked ETH),3,0.1000,0.2000,0.0162,Pools,0.0531,0.002,0.002,0.0175,0.2000,0.00087,0.55,green
Cryptocurrency,Ethereum Validators,Ethereum Validator Pools (% of Staked ETH),4,0.1000,0.3000,0.0208,Pools,0.0682,0.002,0.004,0.0400,0.3000,0.00287,0.55,green
Cryptocurrency,Ethereum Validators,Ethereum Validator Pools (% of Staked ETH),5,0.1000,0.4000,0.0215,Pools,0.0704,0.002,0.006,0.0632,0.4000,0.00516,0.55,green
Cryptocurrency,Ethereum Validators,Ethereum Validator Pools (% of Staked ETH),6,0.1000,0.5000,0.0392,Pools,0.1284,0.004,0.010,0.1055,0.5000,0.00844,0.55,green
Cryptocurrency,Ethereum Validators,Ethereum Validator Pools (% of Staked ETH),7,0.1000,0.6000,0.0675,Pools,0.2212,0.007,0.017,0.1784,0.6000,0.01420,0.55,green
Cryptocurrency,Ethereum Validators,Ethereum Validator Pools (% of Staked ETH),8,0.1000,0.7000,0.0850,Pools,0.2785,0.009,0.025,0.2703,0.7000,0.02243,0.55,green
Cryptocurrency,Ethereum Validators,Ethereum Validator Pools (% of Staked ETH),9,0.1000,0.8000,0.1452,Pools,0.4758,0.015,0.040,0.4271,0.8000,0.03487,0.55,green
Cryptocurrency,Ethereum Validators,Ethereum Validator Pools (% of Staked ETH),10,0.1000,0.9000,0.2252,Pools,0.7379,0.023,0.062,0.6703,0.9000,0.05487,0.55,green
Cryptocurrency,Ethereum Validators,Ethereum Validator Pools (% of Staked ETH),11,0.1000,1.0000,0.3052,Pools,1.0000,0.031,0.093,1.0000,1.0000,0.08352,0.55,green
Equal,Equal,Equally Distributed,1,0.0000,0.0000,0.0000,none,1.0000,0.000,0.000,0.0000,0.0000,0.00000,0.00,black
Equal,Equal,Equally Distributed,2,0.1000,0.1000,0.1000,none,1.0000,0.010,0.010,0.1000,0.1000,0.00000,0.00,black
Equal,Equal,Equally Distributed,3,0.1000,0.2000,0.1000,none,1.0000,0.010,0.020,0.2000,0.2000,0.00000,0.00,black
Equal,Equal,Equally Distributed,4,0.1000,0.3000,0.1000,none,1.0000,0.010,0.030,0.3000,0.3000,0.00000,0.00,black
Equal,Equal,Equally Distributed,5,0.1000,0.4000,0.1000,none,1.0000,0.010,0.040,0.4000,0.4000,0.00000,0.00,black
Equal,Equal,Equally Distributed,6,0.1000,0.5000,0.1000,none,1.0000,0.010,0.050,0.5000,0.5000,0.00000,0.00,black
Equal,Equal,Equally Distributed,7,0.1000,0.6000,0.1000,none,1.0000,0.010,0.060,0.6000,0.6000,0.00000,0.00,black
Equal,Equal,Equally Distributed,8,0.1000,0.7000,0.1000,none,1.0000,0.010,0.070,0.7000,0.7000,0.00000,0.00,black
Equal,Equal,Equally Distributed,9,0.1000,0.8000,0.1000,none,1.0000,0.010,0.080,0.8000,0.8000,0.00000,0.00,black
Equal,Equal,Equally Distributed,10,0.1000,0.9000,0.1000,none,1.0000,0.010,0.090,0.9000,0.9000,0.00000,0.00,black
Equal,Equal,Equally Distributed,11,0.1000,1.0000,0.1000,none,1.0000,0.010,0.100,1.0000,1.0000,0.00000,0.00,black